geo_code,geo_label,geo_labelw,IMD_Rank,IMD_Decile,IUC_CODE,IUC_LABEL
E01008331,Newcastle upon Tyne 029A,,"1,457","1","7",Passive and Uncommitted Users
E01008333,Newcastle upon Tyne 029C,,"1,996","1","10",e-Withdrawn
E01008312,Newcastle upon Tyne 001F,,"27,667","9","6",e-Mainstream
E01008395,Newcastle upon Tyne 024B,,"6,836","3","7",Passive and Uncommitted Users
E01008422,Newcastle upon Tyne 005E,,"31,670","10","2",e-Professionals
E01008355,Newcastle upon Tyne 006B,,"29,881","10","3",e-Veterans
E01008397,Newcastle upon Tyne 024C,,"16,382","5","1",e-Cultural Creators
E01033553,Newcastle upon Tyne 023H,,"13,855","5","1",e-Cultural Creators
E01008428,Newcastle upon Tyne 030D,,"3,676","2","10",e-Withdrawn
E01008354,Newcastle upon Tyne 005B,,"17,914","6","3",e-Veterans
E01033547,Newcastle upon Tyne 025E,,"665","1","10",e-Withdrawn
E01008396,Newcastle upon Tyne 022B,,"9,164","3","1",e-Cultural Creators
E01008406,Newcastle upon Tyne 023A,,"8,382","3","7",Passive and Uncommitted Users
E01008357,Newcastle upon Tyne 002D,,"32,650","10","3",e-Veterans
E01008324,Newcastle upon Tyne 015A,,"5,058","2","10",e-Withdrawn
E01008303,Newcastle upon Tyne 018A,,"726","1","10",e-Withdrawn
E01033545,Newcastle upon Tyne 024H,,"6,242","2","2",e-Professionals
E01033548,Newcastle upon Tyne 023G,,"7,644","3","4",Youthful Urban Fringe
E01008445,Newcastle upon Tyne 031D,,"12,912","4","7",Passive and Uncommitted Users
E01008351,Newcastle upon Tyne 005A,,"23,608","8","6",e-Mainstream
E01008308,Newcastle upon Tyne 001D,,"12,898","4","8",Digital Seniors
E01008321,Newcastle upon Tyne 007D,,"29,949","10","3",e-Veterans
E01008377,Newcastle upon Tyne 008E,,"5,274","2","4",Youthful Urban Fringe
E01008455,Newcastle upon Tyne 022G,,"10,175","4","4",Youthful Urban Fringe
E01008437,Newcastle upon Tyne 029F,,"174","1","10",e-Withdrawn
E01008458,Newcastle upon Tyne 004D,,"23,053","8","5",e-Rational Utilitarians
E01008369,Newcastle upon Tyne 013B,,"29,211","9","1",e-Cultural Creators
E01008424,Newcastle upon Tyne 005F,,"21,540","7","2",e-Professionals
E01008323,Newcastle upon Tyne 007F,,"22,719","7","2",e-Professionals
E01008375,Newcastle upon Tyne 008C,,"7,531","3","7",Passive and Uncommitted Users
E01008299,Newcastle upon Tyne 011D,,"2,527","1","10",e-Withdrawn
E01008295,Newcastle upon Tyne 008A,,"1,933","1","7",Passive and Uncommitted Users
E01033543,Newcastle upon Tyne 024G,,"11,286","4","1",e-Cultural Creators
E01033551,Newcastle upon Tyne 002G,,"32,446","10","3",e-Veterans
E01008407,Newcastle upon Tyne 023B,,"13,961","5","4",Youthful Urban Fringe
E01008315,Newcastle upon Tyne 012B,,"22,944","7","6",e-Mainstream
E01008290,Newcastle upon Tyne 027C,,"1,115","1","10",e-Withdrawn
E01008325,Newcastle upon Tyne 015B,,"2,686","1","10",e-Withdrawn
E01008419,Newcastle upon Tyne 006E,,"31,321","10","2",e-Professionals
E01008361,Newcastle upon Tyne 018D,,"11,878","4","2",e-Professionals
E01008433,Newcastle upon Tyne 020C,,"18,559","6","9",Settled Offline Communities
E01008343,Newcastle upon Tyne 019A,,"15,680","5","7",Passive and Uncommitted Users
E01008423,Newcastle upon Tyne 006G,,"31,351","10","3",e-Veterans
E01008319,Newcastle upon Tyne 007B,,"31,051","10","3",e-Veterans
E01008365,Newcastle upon Tyne 012F,,"31,586","10","2",e-Professionals
E01033554,Newcastle upon Tyne 024I,,"5,860","2","1",e-Cultural Creators
E01008398,Newcastle upon Tyne 022C,,"1,117","1","10",e-Withdrawn
E01033556,Newcastle upon Tyne 022H,,"15,478","5","1",e-Cultural Creators
