geo_code,geo_label,geo_labelw,IMD_Rank,IMD_Decile,IUC_CODE,IUC_LABEL
E01008415,Newcastle upon Tyne 025B,,"3,007","1","7",Passive and Uncommitted Users
E01008355,Newcastle upon Tyne 006B,,"29,881","10","3",e-Veterans
E01008439,Newcastle upon Tyne 024E,,"297","1","10",e-Withdrawn
E01008341,Newcastle upon Tyne 003F,,"5,512","2","7",Passive and Uncommitted Users
E01008369,Newcastle upon Tyne 013B,,"29,211","9","1",e-Cultural Creators
E01033543,Newcastle upon Tyne 024G,,"11,286","4","1",e-Cultural Creators
E01033551,Newcastle upon Tyne 002G,,"32,446","10","3",e-Veterans
