geo_code,geo_label,geo_labelw,IMD_Rank,IMD_Decile,IUC_CODE,IUC_LABEL
E01008395,Newcastle upon Tyne 024B,,"6,836","3","7",Passive and Uncommitted Users
E01008363,Newcastle upon Tyne 012E,,"23,288","8","6",e-Mainstream
E01008397,Newcastle upon Tyne 024C,,"16,382","5","1",e-Cultural Creators
E01033553,Newcastle upon Tyne 023H,,"13,855","5","1",e-Cultural Creators
E01008406,Newcastle upon Tyne 023A,,"8,382","3","7",Passive and Uncommitted Users
E01008359,Newcastle upon Tyne 018B,,"14,838","5","1",e-Cultural Creators
E01008303,Newcastle upon Tyne 018A,,"726","1","10",e-Withdrawn
E01033545,Newcastle upon Tyne 024H,,"6,242","2","2",e-Professionals
E01008445,Newcastle upon Tyne 031D,,"12,912","4","7",Passive and Uncommitted Users
E01008351,Newcastle upon Tyne 005A,,"23,608","8","6",e-Mainstream
E01008321,Newcastle upon Tyne 007D,,"29,949","10","3",e-Veterans
E01008377,Newcastle upon Tyne 008E,,"5,274","2","4",Youthful Urban Fringe
E01008455,Newcastle upon Tyne 022G,,"10,175","4","4",Youthful Urban Fringe
E01008437,Newcastle upon Tyne 029F,,"174","1","10",e-Withdrawn
E01008458,Newcastle upon Tyne 004D,,"23,053","8","5",e-Rational Utilitarians
E01008392,Newcastle upon Tyne 026F,,"1,919","1","7",Passive and Uncommitted Users
E01008409,Newcastle upon Tyne 017D,,"23,869","8","2",e-Professionals
E01008380,Newcastle upon Tyne 008G,,"223","1","10",e-Withdrawn
E01008323,Newcastle upon Tyne 007F,,"22,719","7","2",e-Professionals
E01008318,Newcastle upon Tyne 012D,,"7,998","3","7",Passive and Uncommitted Users
E01008299,Newcastle upon Tyne 011D,,"2,527","1","10",e-Withdrawn
E01033543,Newcastle upon Tyne 024G,,"11,286","4","1",e-Cultural Creators
E01033551,Newcastle upon Tyne 002G,,"32,446","10","3",e-Veterans
E01008416,Newcastle upon Tyne 025C,,"15,426","5","7",Passive and Uncommitted Users
E01008290,Newcastle upon Tyne 027C,,"1,115","1","10",e-Withdrawn
E01008300,Newcastle upon Tyne 016A,,"3,791","2","7",Passive and Uncommitted Users
E01008419,Newcastle upon Tyne 006E,,"31,321","10","2",e-Professionals
E01008438,Newcastle upon Tyne 029G,,"307","1","10",e-Withdrawn
E01008370,Newcastle upon Tyne 017C,,"25,799","8","2",e-Professionals
E01008365,Newcastle upon Tyne 012F,,"31,586","10","2",e-Professionals
E01033554,Newcastle upon Tyne 024I,,"5,860","2","1",e-Cultural Creators
E01033556,Newcastle upon Tyne 022H,,"15,478","5","1",e-Cultural Creators
E01008311,Newcastle upon Tyne 001E,,"28,751","9","3",e-Veterans
