geo_code,geo_label,geo_labelw,IMD_Rank,IMD_Decile,IUC_CODE,IUC_LABEL
E01008331,Newcastle upon Tyne 029A,,"1,457","1","7",Passive and Uncommitted Users
E01008395,Newcastle upon Tyne 024B,,"6,836","3","7",Passive and Uncommitted Users
E01008422,Newcastle upon Tyne 005E,,"31,670","10","2",e-Professionals
E01008363,Newcastle upon Tyne 012E,,"23,288","8","6",e-Mainstream
E01008355,Newcastle upon Tyne 006B,,"29,881","10","3",e-Veterans
E01008385,Newcastle upon Tyne 021E,,"5,068","2","7",Passive and Uncommitted Users
E01008412,Newcastle upon Tyne 023E,,"23,583","8","2",e-Professionals
E01008397,Newcastle upon Tyne 024C,,"16,382","5","1",e-Cultural Creators
E01033553,Newcastle upon Tyne 023H,,"13,855","5","1",e-Cultural Creators
E01008405,Newcastle upon Tyne 014F,,"7,877","3","7",Passive and Uncommitted Users
E01008447,Newcastle upon Tyne 031F,,"25,997","8","9",Settled Offline Communities
E01008358,Newcastle upon Tyne 002E,,"17,684","6","6",e-Mainstream
E01008357,Newcastle upon Tyne 002D,,"32,650","10","3",e-Veterans
E01008345,Newcastle upon Tyne 019C,,"3,117","1","10",e-Withdrawn
E01008359,Newcastle upon Tyne 018B,,"14,838","5","1",e-Cultural Creators
E01033545,Newcastle upon Tyne 024H,,"6,242","2","2",e-Professionals
E01008326,Newcastle upon Tyne 015C,,"25,263","8","6",e-Mainstream
E01008322,Newcastle upon Tyne 007E,,"29,639","10","6",e-Mainstream
E01008351,Newcastle upon Tyne 005A,,"23,608","8","6",e-Mainstream
E01008321,Newcastle upon Tyne 007D,,"29,949","10","3",e-Veterans
E01008444,Newcastle upon Tyne 031C,,"27,749","9","8",Digital Seniors
E01008455,Newcastle upon Tyne 022G,,"10,175","4","4",Youthful Urban Fringe
E01008344,Newcastle upon Tyne 019B,,"7,335","3","7",Passive and Uncommitted Users
E01008369,Newcastle upon Tyne 013B,,"29,211","9","1",e-Cultural Creators
E01008409,Newcastle upon Tyne 017D,,"23,869","8","2",e-Professionals
E01008320,Newcastle upon Tyne 007C,,"22,160","7","6",e-Mainstream
E01008306,Newcastle upon Tyne 001B,,"13,282","5","9",Settled Offline Communities
E01033543,Newcastle upon Tyne 024G,,"11,286","4","1",e-Cultural Creators
E01008432,Newcastle upon Tyne 026G,,"8,180","3","7",Passive and Uncommitted Users
E01008315,Newcastle upon Tyne 012B,,"22,944","7","6",e-Mainstream
E01008290,Newcastle upon Tyne 027C,,"1,115","1","10",e-Withdrawn
E01008367,Newcastle upon Tyne 017A,,"27,274","9","1",e-Cultural Creators
E01008419,Newcastle upon Tyne 006E,,"31,321","10","2",e-Professionals
E01008346,Newcastle upon Tyne 019D,,"13,575","5","1",e-Cultural Creators
E01008423,Newcastle upon Tyne 006G,,"31,351","10","3",e-Veterans
E01008370,Newcastle upon Tyne 017C,,"25,799","8","2",e-Professionals
E01008364,Newcastle upon Tyne 018F,,"21,838","7","2",e-Professionals
E01033554,Newcastle upon Tyne 024I,,"5,860","2","1",e-Cultural Creators
